{"mean":{"confidence_interval":{"confidence_level":0.95,"lower_bound":548653.5249493752,"upper_bound":553122.5111787567},"point_estimate":550411.6001219094,"standard_error":1218.559665522352},"median":{"confidence_interval":{"confidence_level":0.95,"lower_bound":547266.6666666666,"upper_bound":548119.8302469136},"point_estimate":547532.8926282051,"standard_error":258.28503177622946},"median_abs_dev":{"confidence_interval":{"confidence_level":0.95,"lower_bound":786.7616235414606,"upper_bound":1753.1999431013057},"point_estimate":1192.433978830102,"standard_error":260.34105565233443},"slope":{"confidence_interval":{"confidence_level":0.95,"lower_bound":548405.4553539024,"upper_bound":551060.0479404673},"point_estimate":549654.2578690705,"standard_error":678.18432819032},"std_dev":{"confidence_interval":{"confidence_level":0.95,"lower_bound":3401.576923187704,"upper_bound":20004.91000942828},"point_estimate":12142.122145876754,"standard_error":5566.261229779155}}